0,BA,F,Bachelor of Arts
1,BAcc,F,Bachelor of Accountancy
2,BArch,F,Bachelor of Architecture
3,BBA,F,Bachelor of Business Administration
4,BD,F,Bachelor of Divinity
5,BDiv,F,Bachelor of Divinity
6,BDS,F,Bachelor of Dental Surgery
7,BEd,F,Bachelor of Education
8,BEng,F,Bachelor of Engineering
9,BFin,F,Bachelor of Finance
10,BHSc,F,Bachelor of Health Science
11,BM,F,Bachelor of Medicine
12,BMedSc,F,Bachelor of Medical Science
13,BMedSci,F,Bachelor of Medical Science
14,BMid,F,Bachelor of Midwifery
15,BMidWif,F,Bachelor of Midwifery
16,BMus,F,Bachelor of Music
17,BN,F,Bachelor of Nursing
18,BNurs,F,Bachelor of Nursing
19,BOptom,F,Bachelor of Optometry
20,BOst,F,Bachelor of Osteopathy
21,BSc,F,Bachelor of Science
22,BSW,F,Bachelor of Social Work
23,BTechEd,F,Bachelor of Technological Education
24,BTh,F,Bachelor of Theology
25,BVetMed,F,Bachelor of Veterinary Medicine
26,BVMS,F,Bachelor of Veterinary Medicine
27,BVSc,F,Bachelor of Veterinary Science
28,CertHE,U,Certificate of Higher Education
29,DipHE,U,Diploma of Higher Education
30,FD,U,Foundation Degree
31,FDA,U,Foundation Degree of the Arts
32,FDArts,U,Foundation Degree of the Arts
33,FDEd,U,Foundation Degree of Education
34,FDEng,U,Foundation Degree of Engineering
35,FDS,U,Foundation Degree of Science
36,FdSc,U,Foundation Degree of Science
38,HND,U,Higher National Diploma
39,LLB,F,Bachelor of Laws
40,MA,F,Master of Arts
41,MArch,F,Master of Architecture
42,MART,F,Master of Art
43,MBBS,F,"Bachelor of Medicine, Bachelor of Surgery"
44,MBBCh,F,"Bachelor of Medicine, Bachelor of Surgery"
45,MBChB,F,"Bachelor of Medicine, Bachelor of Surgery"
46,MBiol,F,Master of Biology
47,MBiolSci,F,Master of Biological Science
48,MBioMed Sci,F,Master of Biomedical Science
49,MChem,F,Master of Chemistry
50,MChiro,F,Master of Chiropractic Practice
51,MComp,F,Master of Computing
52,M.CMAc,F,"Master of Chinese Medicine, Acupuncture"
53,MDes,F,Master of Design
54,MEarthSci,F,Master of Earth Science
55,MEd,F,Master of Education
56,MEng,F,Master of Engineering
57,MEnvSci,F,Master of Environmental Science
58,MESci,F,Master of Earth Science
59,MGeol,F,Master of Geology
60,MGeoPhys,F,Master of Geophysics
61,MGeoSci,F,Master of Geology
62,MInf,F,Master of Informatics
63,MMarBiol,F,Master of Marine Biology
64,MMath,F,Master of Mathematics
65,MMBiol,F,Master of Marine Biology
66,MME,F,Master of Mechanical Engineering
67,MMet,F,Master of Meteorology
68,MMSci,F,Master of Marine Science
70,MOcean,F,Master of Oceanography
71,MOptom,F,Master of Optometry
72,MOst,F,Master of Osteopathy
73,MPharm,F,Master of Pharmacy
74,MPhys,F,Master of Physics
75,MPlan,F,Master of Town and Regional Planning
76,MSc,F,Master of Science
77,MSci,F,Master of Science
78,MTCP,F,Master of Town and Regional Planning
79,MZOOL,F,Master of Zoology
80,TQFE,U,"Teaching Qualification, Further Education"
81,BChD,F,Bachelor of Dental Surgery
82,BA/BSc,F,"Bachelor of Arts, Bachelor of Science"
83,BMBS,F,"Bachelor of Medicine, Bachelor of Surgery"
84,BNatSci,F,Bachelor of Natural Science
85,BVMBVS,F,"Bachelor of Veterinary Medicine, Bachelor of Veterinary Science"
86,BVMedSci,F,Bachelor of Veterinary Medical Science
87,DipArch,U,Diploma of Architecture
88,MBiochem,F,Master of Biochemistry
89,MChd,F,Master of Dental Surgery
90,MChemPhys,F,Master of Chemistry and Physics
91,MCompPhil,F,Master of Computer Science and Philosophy
92,MCompSci,F,Master of Computer Science
93,MEcon,F,Master of Economics
94,MLA,F,Master of Landscape Architecture
95,MMathCompSci,F,Master of Mathematics and Computer Science
96,MMathPhil,F,Master of Mathematics and Philosophy
97,MNatSci,F,Master of Natural Science
98,MNurs,F,Master of Nursing
99,MNursSci,F,Master of Nursing Science
100,MNutr,F,Master of Nutrition
101,MPhyPhil,F,Master in Physics and Philosophy
102,MPLAN,F,Master of Planning
103,BDes,F,Bachelor of Design
104,BFA,F,Bachelor of Fine Arts
105,BM BCh,F,Bachelor of Medicine and Bachelor of Surgery
106,MEcol,F,Master of Ecology
107,MLaw,F,Master of Law
108,MOSci,F,Master of Ocean Science
109,BEconSc,F,Bachelor of Economic Science
110,BSc (Eng),F,Bachelor of Engineering
111,BScEcon,F,Bachelor of Economic Science
112,BSocSc,F,Bachelor of Social Science
113,IPML,F,Integrated Professional Master in Languages
114,MDrama,F,Master of Drama and Theatre Studies
115,MGeog,F,Master of Geography
116,MHist,F,Master of History
117,MMath&Phys,F,Master of Mathematics and Physics
118,MNeuroSci,F,Master of Neuroscience
119,BEng/BSc,F,"Bachelor of Engineering, Bachelor of Science"
120,MAcc,F,Master of Accountancy
121,MAnth,F,Master of Anthropology
122,MBus,F,Master of Business
123,MEnv,F,Master of Environmental Science
124,MFA,F,Master of Fine Art
125,MMkt,F,Master in Marketing
126,Graduate Diploma,U,Graduate Diploma of the Royal Northern College of Music
127,BASc,F,Bachelor of Arts and Science
128,BSc(Econ),F,Bachelor of Science (Economics)
129,MPharmacol,F,Master of Pharmacology
130,FdA,U,Foundation degree
131,Vet.M.B,F,Bachelor of Veterinary Medicine
132,MClass,F,Master of Classical Studies
133,MBio,F,"Master of Biomedical Sciences, Master of Biological Sciences"
134,MSW,F,Master of Social Work
135,MPharmSci,F,Master of Pharmaceutical Science
136,"MB,BChir",F,Bachelor of Medicine and Bachelor of Surgery
137,MTheol,F,Master of Theology
138,MPol,F,Master of Politics and International Relations
139,MLibArts,F,Master of Liberal Arts
140,MPsych,F,Master of Psychology
141,MDiv,F,Master of Divinity
142,BVMSci,F,Bachelor of Veterinary Medicine & Science
143,MEarthPhys,F,Master of Earth Physics
144,MEd Stud,F,Master of Education Studies
145,MArabic,F,Master of Arabic Studies
146,MVetPhys,F,Master of Veterinary Physiotherapy
147,MBioms,F,Masters of Biomedical Sciences
148,MLang,F,Master of Languages
149,MA(SocSci),F,Master of Arts (Social Sciences)
150,MFor,F,Master of Forestry
151,MSoc,F,Master of Sociology
152,BPA,F,Bachelor of Performing Arts
153,MHRM,F,Master of Human Resource Management
154,MComSC,F,Master of Community & Social Care
155,MLit,F,Master of Literature
156,BM,F,Bachelor of Midwifery
157,MMedSci,F,Masters of Medical Science
158,MClassL,F,Master of Classical Languages
159,MArc,F,Master of Archaeology
160,MRelSt,F,Master of Religious Studies
161,MPhiloSt,F,Master of Philosophical Studies
162,MCreW,F,Master of Creative Writing
163,MEngLit,F,Master of English
164,MSocStud,F,Master of Social Studies
165,MAccFin,F,Master of Accounting and Finance
166,MLing,F,Master of Linguistics
167,MMorse,F,"Master of Mathematics, Operational Research, Statistics and Economics"
168,MSPRT,F,Master of Sports
169,MGeogSCI,F,Master of Geographical Science
170,MArts,F,Master of Arts
171,MMus,F,Master of Music
172,MTheatre,F,Master of Theatre
173,MFin,F,Master of Finance
174,BDOS,F,Bachelor of Dental and Oral Sciences
175,MSLT,F,Master of Speech and Language Therapy
176,MNSW,F,Master of Nursing and Social Work
177,MPhysio,F,Master of Physiotherapy
178,AdvDip,U,Advanced Diploma
179,MMusEd,F,Master in Music Education
181,MA,F,Scottish First Degree
182,MPA,F,Masters of Public Affairs
183,MRegSci,F,Master in Regulatory Science
184,MMORS,F,"Master in Mathematics, Operational Research and Statistics"
185,MNeuro,F,Master in Neuroscience
186,MBiomed,F,Master in Biomedical Sciences
187,BBL,F,Bachelor of Business and Laws
188,MPAS,F,Master of Physician Associate Studies